agency_name,agency_url
Bensalem Police Department,https://crimewatch.net/us/pa/bucks/15488
Bristol Borough Police Department,https://crimewatch.net/us/pa/bucks/15776
Bristol Township Police Department,https://crimewatch.net/us/pa/bucks/15881
Buckingham Township Police Department,https://crimewatch.net/us/pa/bucks/17016
Bucks County District Attorney's Office,https://crimewatch.net/us/pa/bucks/29567
Bucks County Sheriff's Office,https://crimewatch.net/us/pa/bucks/14801
Central Bucks Regional Police Department,https://crimewatch.net/us/pa/bucks/17396
Doylestown Township Police Department,https://crimewatch.net/us/pa/bucks/17088
Dublin Borough Police Department,https://crimewatch.net/us/pa/bucks/17168
Falls Township Police Department,https://crimewatch.net/us/pa/bucks/17229
Hilltown Township Police Department,https://crimewatch.net/us/pa/bucks/17270
Lower Makefield Township Police Department,https://crimewatch.net/us/pa/bucks/17384
Lower Southampton Township Police Department,https://crimewatch.net/us/pa/bucks/17390
Middletown Township Police Department,https://crimewatch.net/us/pa/bucks/17394
Morrisville Borough Police Department,https://crimewatch.net/us/pa/bucks/34776
New Britain Township Police Department,https://crimewatch.net/us/pa/bucks/34878
New Hope Borough Police Department,https://crimewatch.net/us/pa/bucks/17399
Newtown Borough Police Department,https://crimewatch.net/us/pa/bucks/17403
Newtown Township Police Department,https://crimewatch.net/us/pa/bucks/34824
Northampton Township Police Department,https://crimewatch.net/us/pa/bucks/17406
Penndel Borough Police Department,https://crimewatch.net/us/pa/bucks/17408
Pennridge Regional Police Department,https://crimewatch.net/us/pa/bucks/17409
Perkasie Borough Police Department,https://crimewatch.net/us/pa/bucks/36078
Plumstead Township Police Department,https://crimewatch.net/us/pa/bucks/34821
Richland Township Police Department,https://crimewatch.net/us/pa/bucks/34826
Solebury Township Police Department,https://crimewatch.net/us/pa/bucks/34827
Springfield Township Police Department,https://crimewatch.net/us/pa/bucks/34825
Tinicum Township Police Department,https://crimewatch.net/us/pa/bucks/16146
Tullytown Borough Police Department,https://crimewatch.net/us/pa/bucks/35326
Upper Southampton Township Police Department,https://crimewatch.net/us/pa/bucks/34643
Warminster Township Police Department,https://crimewatch.net/us/pa/bucks/34644
Warrington Township Police Department,https://crimewatch.net/us/pa/bucks/34642
Sheriff,https://crimewatch.net/us/pa/bucks/directory/sheriff
